<application>
  <component name="Translation.Cache">
    <option name="lastTrimTime" value="1714217472380" />
  </component>
  <component name="Translation.Settings">
    <option name="primaryLanguage" value="SPANISH" />
  </component>
  <component name="Translation.States">
    <option name="translationDialogHeight" value="539" />
    <option name="translationDialogLocationX" value="187" />
    <option name="translationDialogLocationY" value="179" />
    <option name="translationDialogWidth" value="813" />
    <histories>
      <item value="Throws:&#10;UnsupportedOperationException – if the array contains an attribute that cannot be set atomically when creating the directory&#10;&#10;FileAlreadyExistsException – if dir exists but is not a directory (optional specific exception)&#10;&#10;IOException – if an I/O error occurs&#10;&#10;SecurityException – in the case of the default provider, and a security manager is installed, the checkWrite method is invoked prior to attempting to create a directory and its checkRead is invoked for each parent directory that is checked. If dir is not an absolute path then its toAbsolutePath may need to be invoked to get its absolute path. This may invoke the security manager's&#10;&#10; checkPropertyAccess method to check access to the system property user.dir" />
      <item value="Throws:&#10;UnsupportedOperationException – if the array contains an attribute that cannot be set atomically when creating the directory&#10;&#10;FileAlreadyExistsException – if dir exists but is not a directory (optional specific exception)&#10;&#10;IOException – if an I/O error occurs&#10;&#10;SecurityException – in the case of the default provider, and a security manager is installed, the checkWrite method is invoked prior to attempting to create a directory and its checkRead is invoked for each parent directory that is checked. If dir is not an absolute path then its toAbsolutePath may need to be invoked to get its absolute path. This may invoke the security manager's&#10; checkPropertyAccess method to check access to the system property user.dir" />
      <item value="Throws:&#10;UnsupportedOperationException – if the array contains an attribute that cannot be set atomically when creating the directory&#10;&#10;FileAlreadyExistsException – if dir exists but is not a directory (optional specific exception)&#10;&#10;IOException – if an I/O error occurs&#10;&#10;SecurityException – in the case of the default provider, and a security manager is installed, the checkWrite method is invoked prior to attempting to create a directory and its checkRead is invoked for each parent directory that is checked. If dir is not an absolute path then its toAbsolutePath may need to be invoked to get its absolute path. This may invoke the security manager's checkPropertyAccess method to check access to the system property user.dir" />
      <item value="Throws:&#10;UnsupportedOperationException – if the array contains an attribute that cannot be set atomically when creating the directory&#10;&#10;FileAlreadyExistsException – if dir exists but is not a directory (optional specific exception)&#10;IOException – if an I/O error occurs&#10;&#10;SecurityException – in the case of the default provider, and a security manager is installed, the checkWrite method is invoked prior to attempting to create a directory and its checkRead is invoked for each parent directory that is checked. If dir is not an absolute path then its toAbsolutePath may need to be invoked to get its absolute path. This may invoke the security manager's checkPropertyAccess method to check access to the system property user.dir" />
      <item value="Throws:&#10;UnsupportedOperationException – if the array contains an attribute that cannot be set atomically when creating the directory&#10;&#10;FileAlreadyExistsException – if dir exists but is not a directory (optional specific exception)&#10;IOException – if an I/O error occurs&#10;SecurityException – in the case of the default provider, and a security manager is installed, the checkWrite method is invoked prior to attempting to create a directory and its checkRead is invoked for each parent directory that is checked. If dir is not an absolute path then its toAbsolutePath may need to be invoked to get its absolute path. This may invoke the security manager's checkPropertyAccess method to check access to the system property user.dir" />
      <item value="Throws:&#10;UnsupportedOperationException – if the array contains an attribute that cannot be set atomically when creating the directory&#10;FileAlreadyExistsException – if dir exists but is not a directory (optional specific exception)&#10;IOException – if an I/O error occurs&#10;SecurityException – in the case of the default provider, and a security manager is installed, the checkWrite method is invoked prior to attempting to create a directory and its checkRead is invoked for each parent directory that is checked. If dir is not an absolute path then its toAbsolutePath may need to be invoked to get its absolute path. This may invoke the security manager's checkPropertyAccess method to check access to the system property user.dir" />
      <item value="Throws:&#10;UnsupportedOperationException – if the array contains an attribute that cannot be set atomically when creating the file&#10;FileAlreadyExistsException – If a file of that name already exists (optional specific exception)&#10;IOException – if an I/O error occurs or the parent directory does not exist&#10;SecurityException – In the case of the default provider, and a security manager is installed, the checkWrite method is invoked to check write access to the new file." />
      <item value="&#10;SecurityException – In the case of the default provider, and a security manager is installed, its checkRead method denies read access to the file." />
      <item value="flip" />
      <item value="fli" />
      <item value="flio" />
      <item value="f" />
      <item value="stream has already been operated upon or closed" />
      <item value="Params:&#10;first – the path string or initial part of the path string more – additional strings to be joined to form the path string&#10;Returns:&#10;" />
      <item value="Read all lines from a file as a Stream. Bytes from the file are decoded into characters using the UTF-8 charset.&#10;The returned stream contains a reference to an open file. The file is closed by closing the stream.&#10;The file contents should not be modified during the execution of the terminal stream operation. Otherwise, the result of the terminal stream operation is undefined.&#10;This method works as if invoking it were equivalent to evaluating the expression:&#10;Files.lines(path, StandardCharsets.UTF_8)&#10;Params:&#10;path – the path to the file&#10;Returns:&#10;the lines from the file as a Stream" />
      <item value="Params:&#10;first – the path string or initial part of the path string more – additional strings to be joined to form the path string&#10;Returns:&#10;the resulting Pat" />
      <item value="Returns a Stream, the elements of which are lines read from this BufferedReader. The Stream is lazily populated, i.e., read only occurs during the terminal stream operation.&#10;The reader must not be operated on during the execution of the terminal stream operation. Otherwise, the result of the terminal stream operation is undefined.&#10;After execution of the terminal stream operation there are no guarantees that the reader will be at a specific position from which to read the next character or line.&#10;If an IOException is thrown when accessing the underlying BufferedReader, it is wrapped in an UncheckedIOException which will be thrown from the Stream method that caused the read to take place. This method will return a Stream if invoked on a BufferedReader that is closed. Any operation on that stream that requires reading from the BufferedReader after it is closed, will cause an UncheckedIOException to be thrown." />
      <item value="Reads a line of text. A line is considered to be terminated by any one of a line feed ('\n'), a carriage return ('\r'), a carriage return followed immediately by a line feed, or by reaching the end-of-file (EOF).&#10;Returns:&#10;A String containing the contents of the line, not including any line-termination characters, or null if the end of the stream has been reached without reading any characters" />
    </histories>
    <option name="languageScores">
      <map>
        <entry key="ENGLISH" value="1" />
        <entry key="SPANISH" value="11" />
      </map>
    </option>
  </component>
</application>